<?xml version="1.0" encoding="UTF-8"?>
<beans xmlns="http://www.springframework.org/schema/beans"
       xmlns:xsi="http://www.w3.org/2001/XMLSchema-instance"
       xsi:schemaLocation="http://www.springframework.org/schema/beans http://www.springframework.org/schema/beans/spring-beans.xsd">

    <bean id="bookDao" class="wagoner.brad.harvard.dao.impl.BookDaoImpl" />

    <bean id="createBookQuery" name="createBookQuery" class="wagoner.brad.harvard.crud.book.CreateBookQuery">
        <constructor-arg ref="dataSource" />
    </bean>
    <bean id="deleteBookQuery" name="deleteBookQuery" class="wagoner.brad.harvard.crud.book.DeleteBookQuery">
        <constructor-arg ref="dataSource" />
    </bean>
    <bean id="findAllBooksByCategoryName" name="findAllBooksByCategoryName" class="wagoner.brad.harvard.crud.book.FindAllBooksByCategoryNameQuery">
        <constructor-arg ref="dataSource" />
    </bean>
    <bean id="getAllBooksQuery" name="getAllBooksQuery" class="wagoner.brad.harvard.crud.book.GetAllBooksQuery">
        <constructor-arg ref="dataSource" />
    </bean>
    <bean id="getBookByIdQuery" name="getBookByIdQuery" class="wagoner.brad.harvard.crud.book.GetBookByIdQuery">
        <constructor-arg ref="dataSource" />
    </bean>
    <bean id="updateBookQuery" name="updateBookQuery" class="wagoner.brad.harvard.crud.book.UpdateBookQuery">
        <constructor-arg ref="dataSource" />
    </bean>
</beans>